{"boundaryID": "EGY-ADM2-37247803", "boundaryISO": "EGY", "boundaryYear": "2020", "boundaryType": "ADM2", "boundarySource": "OCHA ROMENA/HDX, Central Agency for Public Mobilization and Statistics (CAPMAS)", "boundaryCanonical": "marakiz and aqsam", "boundaryLicense": "Creative Commons Attribution 3.0 Intergovernmental Organisations (CC BY 3.0 IGO)", "licenseDetail": "", "licenseSource": "https//data.humdata.org/dataset/egypt-administrative-boundaries-levels-0-3", "boundarySourceURL": "https//data.humdata.org/dataset/egypt-administrative-boundaries-levels-0-3", "sourceDataUpdateDate": "Thu Jan 19 07:31:04 2023", "buildDate": "Dec 12, 2023", "admUnitCount": "365", "meanVertices": "557.0", "minVertices": "5", "maxVertices": "19304", "meanPerimeterLengthKM": "154.39788702419943", "maxPerimeterLengthKM": "4515.779028481988", "minPerimeterLengthKM": "4.038872391241563", "meanAreaSqKM": "2724.803990823988", "minAreaSqKM": "0.630214967905556", "maxAreaSqKM": "267979.0370235587"}